Foo,Poblacion,s,e,is,ia,r
Aguascalientes,1195787,0.010693621,0,0,0,0
Baja California,3224844,0.028838966,0,0,0,0
Baja California Sur,649616,0.005809352,0,0,0,0
